From,To,Type,Strength
"Colorado Department of Public Health and Environment: Children, Youth and Families Branch",Action for Healthy Kids,organization,1
Center for Rural School Health and Education,Action for Healthy Kids,organization,1
University of Northern Colorado Active Schools Institute,Action for Healthy Kids,organization,3
Health & Innovation through Education,Action for Healthy Kids,organization,1
Colorado State University,Action for Healthy Kids,organization,1
Colorado League of Charter Schools,Action for Healthy Kids,organization,3
Colorado Department of Education,Action for Healthy Kids,organization,2
RMC Health,Action for Healthy Kids,organization,1
Wellness Training Specialists,Action for Healthy Kids,organization,3
Aurora Public Schools,Action for Healthy Kids,organization,2
New America School,Action for Healthy Kids,organization,2
Chef Ann Foundation,Action for Healthy Kids,organization,2
Colorado PTA,Action for Healthy Kids,organization,3
PlayCore,Action for Healthy Kids,organization,1
Playworks,Action for Healthy Kids,organization,1
Colorado School of Public Health: Healthy Kids Colorado Survey and Smart Source team,Action for Healthy Kids,organization,2
Colorado Department of Education: Office of School Nutrition,Action for Healthy Kids,organization,2
CharterChoice Collaborative,Action for Healthy Kids,organization,2
Colorado Alliance for School Health,Action for Healthy Kids,organization,1
Advancing IDEAS for Health,Action for Healthy Kids,organization,2
"Colorado Department of Public Health and Environment: Children, Youth and Families Branch",Advancing IDEAS for Health,organization,2
Center for Rural School Health and Education,Advancing IDEAS for Health,organization,3
University of Northern Colorado Active Schools Institute,Advancing IDEAS for Health,organization,3
Health & Innovation through Education,Advancing IDEAS for Health,organization,1
Colorado State University,Advancing IDEAS for Health,organization,3
Colorado League of Charter Schools,Advancing IDEAS for Health,organization,2
Colorado Department of Education,Advancing IDEAS for Health,organization,1
RMC Health,Advancing IDEAS for Health,organization,3
Wellness Training Specialists,Advancing IDEAS for Health,organization,3
Aurora Public Schools,Advancing IDEAS for Health,organization,1
Chef Ann Foundation,Advancing IDEAS for Health,organization,3
PlayCore,Advancing IDEAS for Health,organization,3
Playworks,Advancing IDEAS for Health,organization,1
Action for Healthy Kids,Advancing IDEAS for Health,organization,1
Colorado School of Public Health: Healthy Kids Colorado Survey and Smart Source team,Advancing IDEAS for Health,organization,2
Colorado Alliance for School Health,Advancing IDEAS for Health,organization,1
Trailhead Institute,Aurora Public Schools,organization,2
Resilient Futures,Aurora Public Schools,organization,3
University of Northern Colorado Active Schools Institute,Aurora Public Schools,organization,1
Health & Innovation through Education,Aurora Public Schools,organization,2
Colorado State University,Aurora Public Schools,organization,2
Colorado League of Charter Schools,Aurora Public Schools,organization,1
Colorado Department of Education,Aurora Public Schools,organization,3
RMC Health,Aurora Public Schools,organization,3
Colorado Education Initiative,Aurora Public Schools,organization,2
Wellness Training Specialists,Aurora Public Schools,organization,3
New America School,Aurora Public Schools,organization,1
Chef Ann Foundation,Aurora Public Schools,organization,1
Colorado PTA,Aurora Public Schools,organization,1
PlayCore,Aurora Public Schools,organization,1
Playworks,Aurora Public Schools,organization,3
Action for Healthy Kids,Aurora Public Schools,organization,2
Colorado School of Public Health: Healthy Kids Colorado Survey and Smart Source team,Aurora Public Schools,organization,3
Colorado Department of Education: Office of School Nutrition,Aurora Public Schools,organization,2
CharterChoice Collaborative,Aurora Public Schools,organization,1
Colorado Alliance for School Health,Aurora Public Schools,organization,3
Children’s Hospital Colorado: School Health & Child Health Advocacy Institute,Aurora Public Schools,organization,3
Advancing IDEAS for Health,Aurora Public Schools,organization,2
Trailhead Institute,Center for Rural School Health and Education,organization,2
"Colorado Department of Public Health and Environment: Children, Youth and Families Branch",Center for Rural School Health and Education,organization,2
Resilient Futures,Center for Rural School Health and Education,organization,2
University of Northern Colorado Active Schools Institute,Center for Rural School Health and Education,organization,3
Health & Innovation through Education,Center for Rural School Health and Education,organization,1
Colorado State University,Center for Rural School Health and Education,organization,3
Colorado League of Charter Schools,Center for Rural School Health and Education,organization,2
Colorado Department of Education,Center for Rural School Health and Education,organization,1
RMC Health,Center for Rural School Health and Education,organization,2
Colorado Education Initiative,Center for Rural School Health and Education,organization,2
Wellness Training Specialists,Center for Rural School Health and Education,organization,3
Aurora Public Schools,Center for Rural School Health and Education,organization,1
PlayCore,Center for Rural School Health and Education,organization,2
Action for Healthy Kids,Center for Rural School Health and Education,organization,2
Colorado School of Public Health: Healthy Kids Colorado Survey and Smart Source team,Center for Rural School Health and Education,organization,3
Colorado Department of Education: Office of School Nutrition,Center for Rural School Health and Education,organization,1
Colorado Alliance for School Health,Center for Rural School Health and Education,organization,1
Advancing IDEAS for Health,Center for Rural School Health and Education,organization,3
"Colorado Department of Public Health and Environment: Children, Youth and Families Branch",CharterChoice Collaborative,organization,1
University of Northern Colorado Active Schools Institute,CharterChoice Collaborative,organization,1
Health & Innovation through Education,CharterChoice Collaborative,organization,1
Colorado State University,CharterChoice Collaborative,organization,2
Colorado League of Charter Schools,CharterChoice Collaborative,organization,3
Colorado Department of Education,CharterChoice Collaborative,organization,2
RMC Health,CharterChoice Collaborative,organization,1
Wellness Training Specialists,CharterChoice Collaborative,organization,2
Aurora Public Schools,CharterChoice Collaborative,organization,1
Chef Ann Foundation,CharterChoice Collaborative,organization,1
Action for Healthy Kids,CharterChoice Collaborative,organization,2
Colorado Department of Education: Office of School Nutrition,CharterChoice Collaborative,organization,1
Advancing IDEAS for Health,CharterChoice Collaborative,organization,2
"Colorado Department of Public Health and Environment: Children, Youth and Families Branch",Chef Ann Foundation,organization,1
Center for Rural School Health and Education,Chef Ann Foundation,organization,1
University of Northern Colorado Active Schools Institute,Chef Ann Foundation,organization,3
Health & Innovation through Education,Chef Ann Foundation,organization,1
Colorado State University,Chef Ann Foundation,organization,3
Colorado League of Charter Schools,Chef Ann Foundation,organization,2
Colorado Department of Education,Chef Ann Foundation,organization,1
RMC Health,Chef Ann Foundation,organization,1
Wellness Training Specialists,Chef Ann Foundation,organization,1
Aurora Public Schools,Chef Ann Foundation,organization,1
Colorado PTA,Chef Ann Foundation,organization,1
PlayCore,Chef Ann Foundation,organization,1
Playworks,Chef Ann Foundation,organization,1
Action for Healthy Kids,Chef Ann Foundation,organization,2
Colorado School of Public Health: Healthy Kids Colorado Survey and Smart Source team,Chef Ann Foundation,organization,1
Colorado Department of Education: Office of School Nutrition,Chef Ann Foundation,organization,1
CharterChoice Collaborative,Chef Ann Foundation,organization,2
Colorado Alliance for School Health,Chef Ann Foundation,organization,1
Advancing IDEAS for Health,Chef Ann Foundation,organization,3
Trailhead Institute,Children’s Hospital Colorado: School Health & Child Health Advocacy Institute,organization,1
"Colorado Department of Public Health and Environment: Children, Youth and Families Branch",Children’s Hospital Colorado: School Health & Child Health Advocacy Institute,organization,1
Resilient Futures,Children’s Hospital Colorado: School Health & Child Health Advocacy Institute,organization,1
Center for Rural School Health and Education,Children’s Hospital Colorado: School Health & Child Health Advocacy Institute,organization,1
University of Northern Colorado Active Schools Institute,Children’s Hospital Colorado: School Health & Child Health Advocacy Institute,organization,1
Health & Innovation through Education,Children’s Hospital Colorado: School Health & Child Health Advocacy Institute,organization,1
Colorado State University,Children’s Hospital Colorado: School Health & Child Health Advocacy Institute,organization,3
Colorado League of Charter Schools,Children’s Hospital Colorado: School Health & Child Health Advocacy Institute,organization,2
Colorado Department of Education,Children’s Hospital Colorado: School Health & Child Health Advocacy Institute,organization,2
RMC Health,Children’s Hospital Colorado: School Health & Child Health Advocacy Institute,organization,1
Wellness Training Specialists,Children’s Hospital Colorado: School Health & Child Health Advocacy Institute,organization,1
Aurora Public Schools,Children’s Hospital Colorado: School Health & Child Health Advocacy Institute,organization,2
Colorado PTA,Children’s Hospital Colorado: School Health & Child Health Advocacy Institute,organization,1
PlayCore,Children’s Hospital Colorado: School Health & Child Health Advocacy Institute,organization,1
Playworks,Children’s Hospital Colorado: School Health & Child Health Advocacy Institute,organization,1
Action for Healthy Kids,Children’s Hospital Colorado: School Health & Child Health Advocacy Institute,organization,2
Colorado School of Public Health: Healthy Kids Colorado Survey and Smart Source team,Children’s Hospital Colorado: School Health & Child Health Advocacy Institute,organization,1
CharterChoice Collaborative,Children’s Hospital Colorado: School Health & Child Health Advocacy Institute,organization,1
Colorado Alliance for School Health,Children’s Hospital Colorado: School Health & Child Health Advocacy Institute,organization,3
Advancing IDEAS for Health,Children’s Hospital Colorado: School Health & Child Health Advocacy Institute,organization,3
"Colorado Department of Public Health and Environment: Children, Youth and Families Branch",Colorado Alliance for School Health,organization,1
Resilient Futures,Colorado Alliance for School Health,organization,1
Center for Rural School Health and Education,Colorado Alliance for School Health,organization,1
University of Northern Colorado Active Schools Institute,Colorado Alliance for School Health,organization,1
Health & Innovation through Education,Colorado Alliance for School Health,organization,1
Colorado State University,Colorado Alliance for School Health,organization,1
Colorado League of Charter Schools,Colorado Alliance for School Health,organization,1
Colorado Department of Education,Colorado Alliance for School Health,organization,2
RMC Health,Colorado Alliance for School Health,organization,1
Wellness Training Specialists,Colorado Alliance for School Health,organization,1
Aurora Public Schools,Colorado Alliance for School Health,organization,1
Chef Ann Foundation,Colorado Alliance for School Health,organization,1
Colorado PTA,Colorado Alliance for School Health,organization,1
PlayCore,Colorado Alliance for School Health,organization,1
Playworks,Colorado Alliance for School Health,organization,1
Action for Healthy Kids,Colorado Alliance for School Health,organization,1
Colorado School of Public Health: Healthy Kids Colorado Survey and Smart Source team,Colorado Alliance for School Health,organization,1
CharterChoice Collaborative,Colorado Alliance for School Health,organization,1
Children’s Hospital Colorado: School Health & Child Health Advocacy Institute,Colorado Alliance for School Health,organization,3
Advancing IDEAS for Health,Colorado Alliance for School Health,organization,2
Trailhead Institute,Colorado Department of Education,organization,2
"Colorado Department of Public Health and Environment: Children, Youth and Families Branch",Colorado Department of Education,organization,3
Resilient Futures,Colorado Department of Education,organization,1
Center for Rural School Health and Education,Colorado Department of Education,organization,2
University of Northern Colorado Active Schools Institute,Colorado Department of Education,organization,2
Health & Innovation through Education,Colorado Department of Education,organization,1
Colorado State University,Colorado Department of Education,organization,3
RMC Health,Colorado Department of Education,organization,3
Colorado Education Initiative,Colorado Department of Education,organization,3
Wellness Training Specialists,Colorado Department of Education,organization,3
Aurora Public Schools,Colorado Department of Education,organization,2
New America School,Colorado Department of Education,organization,2
Chef Ann Foundation,Colorado Department of Education,organization,1
Colorado PTA,Colorado Department of Education,organization,2
PlayCore,Colorado Department of Education,organization,1
Playworks,Colorado Department of Education,organization,1
Action for Healthy Kids,Colorado Department of Education,organization,2
Colorado School of Public Health: Healthy Kids Colorado Survey and Smart Source team,Colorado Department of Education,organization,3
Colorado Department of Education: Office of School Nutrition,Colorado Department of Education,organization,3
CharterChoice Collaborative,Colorado Department of Education,organization,1
Colorado Alliance for School Health,Colorado Department of Education,organization,3
Children’s Hospital Colorado: School Health & Child Health Advocacy Institute,Colorado Department of Education,organization,3
Advancing IDEAS for Health,Colorado Department of Education,organization,2
Trailhead Institute,Colorado Department of Education: Office of School Nutrition,organization,1
"Colorado Department of Public Health and Environment: Children, Youth and Families Branch",Colorado Department of Education: Office of School Nutrition,organization,1
Resilient Futures,Colorado Department of Education: Office of School Nutrition,organization,1
Center for Rural School Health and Education,Colorado Department of Education: Office of School Nutrition,organization,1
University of Northern Colorado Active Schools Institute,Colorado Department of Education: Office of School Nutrition,organization,1
Health & Innovation through Education,Colorado Department of Education: Office of School Nutrition,organization,1
Colorado State University,Colorado Department of Education: Office of School Nutrition,organization,1
Colorado League of Charter Schools,Colorado Department of Education: Office of School Nutrition,organization,2
Colorado Department of Education,Colorado Department of Education: Office of School Nutrition,organization,3
RMC Health,Colorado Department of Education: Office of School Nutrition,organization,3
Colorado Education Initiative,Colorado Department of Education: Office of School Nutrition,organization,2
Wellness Training Specialists,Colorado Department of Education: Office of School Nutrition,organization,1
Aurora Public Schools,Colorado Department of Education: Office of School Nutrition,organization,2
New America School,Colorado Department of Education: Office of School Nutrition,organization,1
Chef Ann Foundation,Colorado Department of Education: Office of School Nutrition,organization,1
Colorado PTA,Colorado Department of Education: Office of School Nutrition,organization,2
PlayCore,Colorado Department of Education: Office of School Nutrition,organization,1
Playworks,Colorado Department of Education: Office of School Nutrition,organization,1
Action for Healthy Kids,Colorado Department of Education: Office of School Nutrition,organization,3
Colorado School of Public Health: Healthy Kids Colorado Survey and Smart Source team,Colorado Department of Education: Office of School Nutrition,organization,2
CharterChoice Collaborative,Colorado Department of Education: Office of School Nutrition,organization,3
Colorado Alliance for School Health,Colorado Department of Education: Office of School Nutrition,organization,1
Advancing IDEAS for Health,Colorado Department of Education: Office of School Nutrition,organization,2
Trailhead Institute,"Colorado Department of Public Health and Environment: Children, Youth and Families Branch",organization,1
Resilient Futures,"Colorado Department of Public Health and Environment: Children, Youth and Families Branch",organization,1
Center for Rural School Health and Education,"Colorado Department of Public Health and Environment: Children, Youth and Families Branch",organization,2
University of Northern Colorado Active Schools Institute,"Colorado Department of Public Health and Environment: Children, Youth and Families Branch",organization,1
Health & Innovation through Education,"Colorado Department of Public Health and Environment: Children, Youth and Families Branch",organization,1
Colorado State University,"Colorado Department of Public Health and Environment: Children, Youth and Families Branch",organization,3
Colorado Department of Education,"Colorado Department of Public Health and Environment: Children, Youth and Families Branch",organization,3
RMC Health,"Colorado Department of Public Health and Environment: Children, Youth and Families Branch",organization,2
Colorado Education Initiative,"Colorado Department of Public Health and Environment: Children, Youth and Families Branch",organization,2
Wellness Training Specialists,"Colorado Department of Public Health and Environment: Children, Youth and Families Branch",organization,3
Aurora Public Schools,"Colorado Department of Public Health and Environment: Children, Youth and Families Branch",organization,2
New America School,"Colorado Department of Public Health and Environment: Children, Youth and Families Branch",organization,1
Colorado PTA,"Colorado Department of Public Health and Environment: Children, Youth and Families Branch",organization,2
PlayCore,"Colorado Department of Public Health and Environment: Children, Youth and Families Branch",organization,2
Playworks,"Colorado Department of Public Health and Environment: Children, Youth and Families Branch",organization,1
Action for Healthy Kids,"Colorado Department of Public Health and Environment: Children, Youth and Families Branch",organization,2
Colorado School of Public Health: Healthy Kids Colorado Survey and Smart Source team,"Colorado Department of Public Health and Environment: Children, Youth and Families Branch",organization,3
Colorado Alliance for School Health,"Colorado Department of Public Health and Environment: Children, Youth and Families Branch",organization,1
Children’s Hospital Colorado: School Health & Child Health Advocacy Institute,"Colorado Department of Public Health and Environment: Children, Youth and Families Branch",organization,1
Advancing IDEAS for Health,"Colorado Department of Public Health and Environment: Children, Youth and Families Branch",organization,2
Trailhead Institute,Colorado Education Initiative,organization,1
"Colorado Department of Public Health and Environment: Children, Youth and Families Branch",Colorado Education Initiative,organization,1
Resilient Futures,Colorado Education Initiative,organization,2
Center for Rural School Health and Education,Colorado Education Initiative,organization,2
University of Northern Colorado Active Schools Institute,Colorado Education Initiative,organization,2
Health & Innovation through Education,Colorado Education Initiative,organization,1
Colorado State University,Colorado Education Initiative,organization,3
Colorado League of Charter Schools,Colorado Education Initiative,organization,2
Colorado Department of Education,Colorado Education Initiative,organization,3
RMC Health,Colorado Education Initiative,organization,1
Wellness Training Specialists,Colorado Education Initiative,organization,2
Aurora Public Schools,Colorado Education Initiative,organization,1
Colorado PTA,Colorado Education Initiative,organization,2
PlayCore,Colorado Education Initiative,organization,1
Playworks,Colorado Education Initiative,organization,1
Action for Healthy Kids,Colorado Education Initiative,organization,3
Colorado School of Public Health: Healthy Kids Colorado Survey and Smart Source team,Colorado Education Initiative,organization,3
Colorado Department of Education: Office of School Nutrition,Colorado Education Initiative,organization,1
CharterChoice Collaborative,Colorado Education Initiative,organization,1
Colorado Alliance for School Health,Colorado Education Initiative,organization,2
Advancing IDEAS for Health,Colorado Education Initiative,organization,3
Trailhead Institute,Colorado League of Charter Schools,organization,2
Center for Rural School Health and Education,Colorado League of Charter Schools,organization,1
University of Northern Colorado Active Schools Institute,Colorado League of Charter Schools,organization,1
Health & Innovation through Education,Colorado League of Charter Schools,organization,1
Colorado State University,Colorado League of Charter Schools,organization,2
Colorado Department of Education,Colorado League of Charter Schools,organization,3
RMC Health,Colorado League of Charter Schools,organization,1
Colorado Education Initiative,Colorado League of Charter Schools,organization,2
Wellness Training Specialists,Colorado League of Charter Schools,organization,2
Aurora Public Schools,Colorado League of Charter Schools,organization,1
New America School,Colorado League of Charter Schools,organization,3
Colorado PTA,Colorado League of Charter Schools,organization,1
PlayCore,Colorado League of Charter Schools,organization,1
Playworks,Colorado League of Charter Schools,organization,2
Action for Healthy Kids,Colorado League of Charter Schools,organization,3
Colorado School of Public Health: Healthy Kids Colorado Survey and Smart Source team,Colorado League of Charter Schools,organization,1
CharterChoice Collaborative,Colorado League of Charter Schools,organization,3
Colorado Alliance for School Health,Colorado League of Charter Schools,organization,1
Advancing IDEAS for Health,Colorado League of Charter Schools,organization,2
"Colorado Department of Public Health and Environment: Children, Youth and Families Branch",Colorado PTA,organization,1
Center for Rural School Health and Education,Colorado PTA,organization,1
University of Northern Colorado Active Schools Institute,Colorado PTA,organization,1
Health & Innovation through Education,Colorado PTA,organization,1
Colorado State University,Colorado PTA,organization,1
Colorado League of Charter Schools,Colorado PTA,organization,3
Colorado Department of Education,Colorado PTA,organization,2
RMC Health,Colorado PTA,organization,1
Colorado Education Initiative,Colorado PTA,organization,1
Wellness Training Specialists,Colorado PTA,organization,2
Aurora Public Schools,Colorado PTA,organization,1
PlayCore,Colorado PTA,organization,1
Playworks,Colorado PTA,organization,2
Action for Healthy Kids,Colorado PTA,organization,3
Colorado School of Public Health: Healthy Kids Colorado Survey and Smart Source team,Colorado PTA,organization,1
Colorado Department of Education: Office of School Nutrition,Colorado PTA,organization,1
Colorado Alliance for School Health,Colorado PTA,organization,1
Advancing IDEAS for Health,Colorado PTA,organization,2
"Colorado Department of Public Health and Environment: Children, Youth and Families Branch",Colorado School of Public Health: Healthy Kids Colorado Survey and Smart Source team,organization,3
Resilient Futures,Colorado School of Public Health: Healthy Kids Colorado Survey and Smart Source team,organization,1
Center for Rural School Health and Education,Colorado School of Public Health: Healthy Kids Colorado Survey and Smart Source team,organization,3
University of Northern Colorado Active Schools Institute,Colorado School of Public Health: Healthy Kids Colorado Survey and Smart Source team,organization,2
Health & Innovation through Education,Colorado School of Public Health: Healthy Kids Colorado Survey and Smart Source team,organization,1
Colorado State University,Colorado School of Public Health: Healthy Kids Colorado Survey and Smart Source team,organization,3
Colorado League of Charter Schools,Colorado School of Public Health: Healthy Kids Colorado Survey and Smart Source team,organization,3
Colorado Department of Education,Colorado School of Public Health: Healthy Kids Colorado Survey and Smart Source team,organization,3
RMC Health,Colorado School of Public Health: Healthy Kids Colorado Survey and Smart Source team,organization,3
Colorado Education Initiative,Colorado School of Public Health: Healthy Kids Colorado Survey and Smart Source team,organization,2
Wellness Training Specialists,Colorado School of Public Health: Healthy Kids Colorado Survey and Smart Source team,organization,3
Aurora Public Schools,Colorado School of Public Health: Healthy Kids Colorado Survey and Smart Source team,organization,1
New America School,Colorado School of Public Health: Healthy Kids Colorado Survey and Smart Source team,organization,2
Colorado PTA,Colorado School of Public Health: Healthy Kids Colorado Survey and Smart Source team,organization,3
PlayCore,Colorado School of Public Health: Healthy Kids Colorado Survey and Smart Source team,organization,1
Playworks,Colorado School of Public Health: Healthy Kids Colorado Survey and Smart Source team,organization,1
Action for Healthy Kids,Colorado School of Public Health: Healthy Kids Colorado Survey and Smart Source team,organization,3
Colorado Department of Education: Office of School Nutrition,Colorado School of Public Health: Healthy Kids Colorado Survey and Smart Source team,organization,1
CharterChoice Collaborative,Colorado School of Public Health: Healthy Kids Colorado Survey and Smart Source team,organization,1
Colorado Alliance for School Health,Colorado School of Public Health: Healthy Kids Colorado Survey and Smart Source team,organization,2
Advancing IDEAS for Health,Colorado School of Public Health: Healthy Kids Colorado Survey and Smart Source team,organization,3
"Colorado Department of Public Health and Environment: Children, Youth and Families Branch",Colorado State University,organization,1
Resilient Futures,Colorado State University,organization,1
Center for Rural School Health and Education,Colorado State University,organization,3
University of Northern Colorado Active Schools Institute,Colorado State University,organization,3
Health & Innovation through Education,Colorado State University,organization,1
Colorado League of Charter Schools,Colorado State University,organization,1
Colorado Department of Education,Colorado State University,organization,1
RMC Health,Colorado State University,organization,3
Colorado Education Initiative,Colorado State University,organization,1
Wellness Training Specialists,Colorado State University,organization,2
Aurora Public Schools,Colorado State University,organization,1
New America School,Colorado State University,organization,1
Colorado PTA,Colorado State University,organization,1
PlayCore,Colorado State University,organization,2
Playworks,Colorado State University,organization,1
Action for Healthy Kids,Colorado State University,organization,1
Colorado School of Public Health: Healthy Kids Colorado Survey and Smart Source team,Colorado State University,organization,1
Colorado Department of Education: Office of School Nutrition,Colorado State University,organization,1
Colorado Alliance for School Health,Colorado State University,organization,1
Advancing IDEAS for Health,Colorado State University,organization,3
University of Northern Colorado Active Schools Institute,Health & Innovation through Education,organization,3
Colorado State University,Health & Innovation through Education,organization,1
Colorado Department of Education,Health & Innovation through Education,organization,1
RMC Health,Health & Innovation through Education,organization,1
Wellness Training Specialists,Health & Innovation through Education,organization,3
Aurora Public Schools,Health & Innovation through Education,organization,1
PlayCore,Health & Innovation through Education,organization,3
Playworks,Health & Innovation through Education,organization,1
Action for Healthy Kids,Health & Innovation through Education,organization,1
Advancing IDEAS for Health,Health & Innovation through Education,organization,2
"Colorado Department of Public Health and Environment: Children, Youth and Families Branch",PlayCore,organization,1
University of Northern Colorado Active Schools Institute,PlayCore,organization,3
Health & Innovation through Education,PlayCore,organization,1
Colorado Department of Education,PlayCore,organization,1
RMC Health,PlayCore,organization,1
Wellness Training Specialists,PlayCore,organization,3
Aurora Public Schools,PlayCore,organization,1
Playworks,PlayCore,organization,1
Action for Healthy Kids,PlayCore,organization,1
Colorado School of Public Health: Healthy Kids Colorado Survey and Smart Source team,PlayCore,organization,1
Advancing IDEAS for Health,PlayCore,organization,1
Resilient Futures,Playworks,organization,1
Center for Rural School Health and Education,Playworks,organization,1
University of Northern Colorado Active Schools Institute,Playworks,organization,3
Health & Innovation through Education,Playworks,organization,1
Colorado State University,Playworks,organization,1
Colorado League of Charter Schools,Playworks,organization,1
Colorado Department of Education,Playworks,organization,1
RMC Health,Playworks,organization,1
Wellness Training Specialists,Playworks,organization,2
Aurora Public Schools,Playworks,organization,1
Colorado PTA,Playworks,organization,1
PlayCore,Playworks,organization,2
Action for Healthy Kids,Playworks,organization,2
Colorado School of Public Health: Healthy Kids Colorado Survey and Smart Source team,Playworks,organization,1
CharterChoice Collaborative,Playworks,organization,1
Advancing IDEAS for Health,Playworks,organization,2
"Colorado Department of Public Health and Environment: Children, Youth and Families Branch",Resilient Futures,organization,1
Center for Rural School Health and Education,Resilient Futures,organization,1
Health & Innovation through Education,Resilient Futures,organization,1
Colorado State University,Resilient Futures,organization,1
Colorado Department of Education,Resilient Futures,organization,2
RMC Health,Resilient Futures,organization,2
Wellness Training Specialists,Resilient Futures,organization,1
Aurora Public Schools,Resilient Futures,organization,1
PlayCore,Resilient Futures,organization,1
Action for Healthy Kids,Resilient Futures,organization,1
Advancing IDEAS for Health,Resilient Futures,organization,1
Trailhead Institute,RMC Health,organization,2
"Colorado Department of Public Health and Environment: Children, Youth and Families Branch",RMC Health,organization,2
Resilient Futures,RMC Health,organization,2
Center for Rural School Health and Education,RMC Health,organization,3
University of Northern Colorado Active Schools Institute,RMC Health,organization,3
Health & Innovation through Education,RMC Health,organization,1
Colorado State University,RMC Health,organization,3
Colorado League of Charter Schools,RMC Health,organization,2
Colorado Department of Education,RMC Health,organization,3
Colorado Education Initiative,RMC Health,organization,1
Wellness Training Specialists,RMC Health,organization,3
Aurora Public Schools,RMC Health,organization,3
New America School,RMC Health,organization,3
Colorado PTA,RMC Health,organization,2
PlayCore,RMC Health,organization,2
Playworks,RMC Health,organization,2
Action for Healthy Kids,RMC Health,organization,2
Colorado School of Public Health: Healthy Kids Colorado Survey and Smart Source team,RMC Health,organization,3
Colorado Department of Education: Office of School Nutrition,RMC Health,organization,1
CharterChoice Collaborative,RMC Health,organization,1
Colorado Alliance for School Health,RMC Health,organization,1
Children’s Hospital Colorado: School Health & Child Health Advocacy Institute,RMC Health,organization,2
Advancing IDEAS for Health,RMC Health,organization,3
Center for Rural School Health and Education,Special Olympics Colorado,organization,1
University of Northern Colorado Active Schools Institute,Special Olympics Colorado,organization,1
Health & Innovation through Education,Special Olympics Colorado,organization,1
Colorado State University,Special Olympics Colorado,organization,1
Colorado League of Charter Schools,Special Olympics Colorado,organization,1
Colorado Department of Education,Special Olympics Colorado,organization,1
RMC Health,Special Olympics Colorado,organization,1
Wellness Training Specialists,Special Olympics Colorado,organization,1
Aurora Public Schools,Special Olympics Colorado,organization,1
Playworks,Special Olympics Colorado,organization,1
Action for Healthy Kids,Special Olympics Colorado,organization,1
CharterChoice Collaborative,Special Olympics Colorado,organization,1
Advancing IDEAS for Health,Special Olympics Colorado,organization,1
"Colorado Department of Public Health and Environment: Children, Youth and Families Branch",Trailhead Institute,organization,1
Center for Rural School Health and Education,Trailhead Institute,organization,3
Health & Innovation through Education,Trailhead Institute,organization,1
Colorado State University,Trailhead Institute,organization,2
Colorado League of Charter Schools,Trailhead Institute,organization,1
Colorado Department of Education,Trailhead Institute,organization,3
RMC Health,Trailhead Institute,organization,1
Wellness Training Specialists,Trailhead Institute,organization,1
Aurora Public Schools,Trailhead Institute,organization,1
Action for Healthy Kids,Trailhead Institute,organization,1
Colorado School of Public Health: Healthy Kids Colorado Survey and Smart Source team,Trailhead Institute,organization,1
Colorado Alliance for School Health,Trailhead Institute,organization,1
Advancing IDEAS for Health,Trailhead Institute,organization,2
Center for Rural School Health and Education,University of Northern Colorado Active Schools Institute ,organization,3
Health & Innovation through Education,University of Northern Colorado Active Schools Institute ,organization,3
Colorado State University,University of Northern Colorado Active Schools Institute ,organization,3
Colorado League of Charter Schools,University of Northern Colorado Active Schools Institute ,organization,1
Colorado Department of Education,University of Northern Colorado Active Schools Institute ,organization,2
RMC Health,University of Northern Colorado Active Schools Institute ,organization,3
Wellness Training Specialists,University of Northern Colorado Active Schools Institute ,organization,3
Aurora Public Schools,University of Northern Colorado Active Schools Institute ,organization,1
Chef Ann Foundation,University of Northern Colorado Active Schools Institute ,organization,3
PlayCore,University of Northern Colorado Active Schools Institute ,organization,3
Action for Healthy Kids,University of Northern Colorado Active Schools Institute ,organization,2
Colorado School of Public Health: Healthy Kids Colorado Survey and Smart Source team,University of Northern Colorado Active Schools Institute ,organization,1
Colorado Alliance for School Health,University of Northern Colorado Active Schools Institute ,organization,1
Advancing IDEAS for Health,University of Northern Colorado Active Schools Institute ,organization,3
"Colorado Department of Public Health and Environment: Children, Youth and Families Branch",Wellness Training Specialists,organization,2
Center for Rural School Health and Education,Wellness Training Specialists,organization,2
University of Northern Colorado Active Schools Institute,Wellness Training Specialists,organization,3
Health & Innovation through Education,Wellness Training Specialists,organization,2
Colorado State University,Wellness Training Specialists,organization,2
Colorado League of Charter Schools,Wellness Training Specialists,organization,2
Colorado Department of Education,Wellness Training Specialists,organization,3
RMC Health,Wellness Training Specialists,organization,3
Aurora Public Schools,Wellness Training Specialists,organization,1
New America School,Wellness Training Specialists,organization,1
Colorado PTA,Wellness Training Specialists,organization,1
PlayCore,Wellness Training Specialists,organization,2
Playworks,Wellness Training Specialists,organization,2
Action for Healthy Kids,Wellness Training Specialists,organization,3
Colorado School of Public Health: Healthy Kids Colorado Survey and Smart Source team,Wellness Training Specialists,organization,2
CharterChoice Collaborative,Wellness Training Specialists,organization,1
Colorado Alliance for School Health,Wellness Training Specialists,organization,1
Advancing IDEAS for Health,Wellness Training Specialists,organization,3
