From,To
Trailhead Institute,RMC Health
"Colorado Department of Public Health and Environment: Children, Youth and Families Branch",Colorado Department of Education
Resilient Futures,RMC Health
University of Northern Colorado Active Schools Institute,Action for Healthy Kids
Health & Innovation through Education,University of Northern Colorado Active Schools Institute
Colorado State University,Advancing IDEAS for Health
Colorado League of Charter Schools,Action for Healthy Kids
RMC Health,Advancing IDEAS for Health
Colorado Education Initiative,Colorado Department of Education
Wellness Training Specialists,Action for Healthy Kids
New America School,Colorado Department of Education
Chef Ann Foundation,Advancing IDEAS for Health
Colorado PTA,Action for Healthy Kids
Special Olympics Colorado,Colorado Department of Education
PlayCore,Action for Healthy Kids
Playworks,Aurora Public Schools
Colorado School of Public Health: Healthy Kids Colorado Survey and Smart Source team,Action for Healthy Kids
Colorado Department of Education: Office of School Nutrition,Colorado Department of Education
CharterChoice Collaborative,Action for Healthy Kids
Advancing IDEAS for Health,Action for Healthy Kids
Center for Rural School Health and Education,Advancing IDEAS for Health
Health & Innovation through Education,Wellness Training Specialists
Colorado State University,Center for Rural School Health and Education
Colorado Department of Education,Aurora Public Schools
RMC Health,Aurora Public Schools
Aurora Public Schools,RMC Health
New America School,Colorado League of Charter Schools
Colorado PTA,Colorado Department of Education
Special Olympics Colorado,"Colorado Department of Public Health and Environment: Children, Youth and Families Branch"
Action for Healthy Kids,Advancing IDEAS for Health
CharterChoice Collaborative,Colorado Department of Education: Office of School Nutrition
Colorado Alliance for School Health,Aurora Public Schools
Children's Hospital Colorado: School Health & Child Health Advocacy Institute,Aurora Public Schools
Center for Rural School Health and Education,Colorado Department of Education
University of Northern Colorado Active Schools Institute,Advancing IDEAS for Health
Colorado State University,CharterChoice Collaborative
Colorado League of Charter Schools,Center for Rural School Health and Education
Colorado Department of Education,Children's Hospital Colorado: School Health & Child Health Advocacy Institute
RMC Health,Center for Rural School Health and Education
New America School,RMC Health
Chef Ann Foundation,University of Northern Colorado Active Schools Institute
Colorado PTA,Colorado Department of Education: Office of School Nutrition
Special Olympics Colorado,Colorado School of Public Health: Healthy Kids Colorado Survey and Smart Source team
PlayCore,Advancing IDEAS for Health
Colorado School of Public Health: Healthy Kids Colorado Survey and Smart Source team,Advancing IDEAS for Health
CharterChoice Collaborative,Colorado League of Charter Schools
Colorado Alliance for School Health,Children's Hospital Colorado: School Health & Child Health Advocacy Institute
Children's Hospital Colorado: School Health & Child Health Advocacy Institute,Colorado Alliance for School Health
Advancing IDEAS for Health,Center for Rural School Health and Education
Center for Rural School Health and Education,"Colorado Department of Public Health and Environment: Children, Youth and Families Branch"
Colorado State University,Chef Ann Foundation
Colorado League of Charter Schools,CharterChoice Collaborative
RMC Health,Colorado Department of Education
Wellness Training Specialists,Aurora Public Schools
Action for Healthy Kids,Aurora Public Schools
Colorado School of Public Health: Healthy Kids Colorado Survey and Smart Source team,Aurora Public Schools
Children's Hospital Colorado: School Health & Child Health Advocacy Institute,Colorado Department of Education
Advancing IDEAS for Health,Chef Ann Foundation
Center for Rural School Health and Education,Colorado Education Initiative
University of Northern Colorado Active Schools Institute,Center for Rural School Health and Education
Colorado State University,Children's Hospital Colorado: School Health & Child Health Advocacy Institute
Colorado League of Charter Schools,Chef Ann Foundation
Colorado Department of Education,Colorado Department of Education: Office of School Nutrition
RMC Health,Colorado Department of Education: Office of School Nutrition
Wellness Training Specialists,Center for Rural School Health and Education
Colorado PTA,Colorado School of Public Health: Healthy Kids Colorado Survey and Smart Source team
PlayCore,Center for Rural School Health and Education
Action for Healthy Kids,Center for Rural School Health and Education
Colorado School of Public Health: Healthy Kids Colorado Survey and Smart Source team,Center for Rural School Health and Education
Children's Hospital Colorado: School Health & Child Health Advocacy Institute,"Colorado Department of Public Health and Environment: Children, Youth and Families Branch"
Center for Rural School Health and Education,Colorado School of Public Health: Healthy Kids Colorado Survey and Smart Source team
University of Northern Colorado Active Schools Institute,Chef Ann Foundation
Colorado State University,Colorado Department of Education
Colorado League of Charter Schools,Colorado Education Initiative
Wellness Training Specialists,CharterChoice Collaborative
Colorado PTA,RMC Health
PlayCore,Chef Ann Foundation
Action for Healthy Kids,CharterChoice Collaborative
Colorado School of Public Health: Healthy Kids Colorado Survey and Smart Source team,Colorado Department of Education
Children's Hospital Colorado: School Health & Child Health Advocacy Institute,RMC Health
Advancing IDEAS for Health,Colorado Education Initiative
Center for Rural School Health and Education,Colorado State University
University of Northern Colorado Active Schools Institute,Colorado Department of Education
Colorado Department of Education,"Colorado Department of Public Health and Environment: Children, Youth and Families Branch"
RMC Health,Colorado State University
Wellness Training Specialists,Colorado Department of Education
Colorado PTA,Wellness Training Specialists
PlayCore,"Colorado Department of Public Health and Environment: Children, Youth and Families Branch"
Action for Healthy Kids,Chef Ann Foundation
Colorado School of Public Health: Healthy Kids Colorado Survey and Smart Source team,Colorado Department of Education: Office of School Nutrition
Advancing IDEAS for Health,Colorado School of Public Health: Healthy Kids Colorado Survey and Smart Source team
Center for Rural School Health and Education,Resilient Futures
University of Northern Colorado Active Schools Institute,Colorado School of Public Health: Healthy Kids Colorado Survey and Smart Source team
Colorado State University,"Colorado Department of Public Health and Environment: Children, Youth and Families Branch"
Colorado League of Charter Schools,Colorado PTA
Colorado Department of Education,Colorado Education Initiative
Wellness Training Specialists,"Colorado Department of Public Health and Environment: Children, Youth and Families Branch"
PlayCore,Colorado School of Public Health: Healthy Kids Colorado Survey and Smart Source team
Action for Healthy Kids,Colorado Alliance for School Health
Advancing IDEAS for Health,Colorado State University
Center for Rural School Health and Education,RMC Health
University of Northern Colorado Active Schools Institute,Colorado State University
Colorado State University,Colorado Education Initiative
Colorado League of Charter Schools,RMC Health
Colorado Department of Education,Colorado School of Public Health: Healthy Kids Colorado Survey and Smart Source team
RMC Health,University of Northern Colorado Active Schools Institute
PlayCore,Colorado State University
Action for Healthy Kids,Colorado Department of Education
Colorado School of Public Health: Healthy Kids Colorado Survey and Smart Source team,"Colorado Department of Public Health and Environment: Children, Youth and Families Branch"
Advancing IDEAS for Health,Health & Innovation through Education
Center for Rural School Health and Education,Trailhead Institute
University of Northern Colorado Active Schools Institute,Health & Innovation through Education
Colorado State University,Colorado League of Charter Schools
Colorado League of Charter Schools,Trailhead Institute
RMC Health,Wellness Training Specialists
Wellness Training Specialists,Colorado League of Charter Schools
PlayCore,Health & Innovation through Education
Action for Healthy Kids,Colorado Department of Education: Office of School Nutrition
Advancing IDEAS for Health,Playworks
Center for Rural School Health and Education,Wellness Training Specialists
University of Northern Colorado Active Schools Institute,PlayCore
Colorado State University,Colorado School of Public Health: Healthy Kids Colorado Survey and Smart Source team
Colorado Department of Education,RMC Health
Wellness Training Specialists,Colorado PTA
PlayCore,Playworks
Action for Healthy Kids,"Colorado Department of Public Health and Environment: Children, Youth and Families Branch"
Colorado School of Public Health: Healthy Kids Colorado Survey and Smart Source team,Colorado Education Initiative
Advancing IDEAS for Health,RMC Health
University of Northern Colorado Active Schools Institute,Playworks
Colorado State University,RMC Health
Colorado League of Charter Schools,Wellness Training Specialists
Colorado Department of Education,Trailhead Institute
Wellness Training Specialists,Colorado School of Public Health: Healthy Kids Colorado Survey and Smart Source team
PlayCore,RMC Health
Colorado School of Public Health: Healthy Kids Colorado Survey and Smart Source team,Colorado PTA
Advancing IDEAS for Health,University of Northern Colorado Active Schools Institute
University of Northern Colorado Active Schools Institute,RMC Health
Colorado State University,Trailhead Institute
PlayCore,University of Northern Colorado Active Schools Institute
Colorado School of Public Health: Healthy Kids Colorado Survey and Smart Source team,Colorado State University
Advancing IDEAS for Health,Wellness Training Specialists
University of Northern Colorado Active Schools Institute,Wellness Training Specialists
Colorado State University,University of Northern Colorado Active Schools Institute
Colorado Department of Education,Wellness Training Specialists
Wellness Training Specialists,Health & Innovation through Education
PlayCore,Wellness Training Specialists
Action for Healthy Kids,Colorado Education Initiative
Colorado School of Public Health: Healthy Kids Colorado Survey and Smart Source team,RMC Health
Wellness Training Specialists,PlayCore
Action for Healthy Kids,Colorado League of Charter Schools
Colorado School of Public Health: Healthy Kids Colorado Survey and Smart Source team,Wellness Training Specialists
Wellness Training Specialists,RMC Health
Action for Healthy Kids,Colorado PTA
Wellness Training Specialists,University of Northern Colorado Active Schools Institute
Action for Healthy Kids,Colorado School of Public Health: Healthy Kids Colorado Survey and Smart Source team
Action for Healthy Kids,Colorado State University
Action for Healthy Kids,Health & Innovation through Education
Action for Healthy Kids,Playworks
Action for Healthy Kids,RMC Health
Action for Healthy Kids,Special Olympics Colorado
Action for Healthy Kids,University of Northern Colorado Active Schools Institute
Action for Healthy Kids,Wellness Training Specialists
